20925,GMC,Savana 3500,12
33999,Saturn,VUE,11
34186,BMW,3 Series,16
38038,Lincoln,MKZ,13
42917,Toyota,Prius,14
43758,GMC,Yukon XL 1500,5
46123,Toyota,Camry,10
47063,Subaru,Forester,3
54289,Porsche,911,2
54328,Suzuki,Kizashi,6
54708,Mitsubishi,Galant,1
56205,Volkswagen,CC,9
70813,Mercury,Sable,4
92098,Dodge,Daytona,15
92677,Mazda,MX-6,8
93870,GMC,Yukon XL 1500,7
10313,Ford,F-Series,20
18975,Hyundai,Excel,19
21081,Mitsubishi,Sigma,23
35932,Lexus,SC,17
48617,Lincoln,Continental,18
51347,Hyundai,Azera,29
61106,Dodge,Ram 2500,27
61527,Subaru,Justy,28
62005,Suzuki,Grand Vitara,26
65259,Kia,Rio,25
65342,Chevrolet,Camaro,30
67333,Porsche,928,32
81980,Lexus,HS,31
85176,Cadillac,STS-V,21
89040,Lamborghini,Diablo,22
97315,Chevrolet,Corvette,24
11300,Porsche,Boxster,38
14608,Chevrolet,Suburban 1500,36
47886,Audi,TT,44
62455,Buick,LeSabre,41
62828,Buick,Estate,39
68611,Morgan,Aero 8,46
75503,Jeep,Grand Cherokee,42
77117,Eagle,Summit,48
80728,Toyota,Land Cruiser,34
84903,Chrysler,Cirrus,40
85514,Toyota,Prius Plug-in Hybrid,37
88474,Dodge,Caravan,33
92930,Buick,Skyhawk,47
93050,Pontiac,Trans Sport,35
94570,Oldsmobile,Ciera,45
97216,Toyota,Celica,43
12796,BMW,X3,49
13828,Lotus,Esprit,59
18710,Mercedes-Benz,SLK-Class,56
21370,Holden,Monaro,51
25296,BMW,Z3,55
30007,Mazda,626,54
36646,Hummer,H2 SUV,52
43208,Chevrolet,Corvette,63
46641,Land Rover,Discovery,50
55063,Mercedes-Benz,M-Class,64
56320,Audi,A4,60
67975,Suzuki,Grand Vitara,53
68773,Lexus,ES,61
78847,Toyota,Sequoia,58
92117,Audi,S5,62
99796,Chevrolet,Suburban 1500,57
24508,Infiniti,QX,80
24808,BMW,X3,73
35324,Toyota,Matrix,79
36687,Nissan,Pathfinder,65
42594,Subaru,Tribeca,72
47437,Mercedes-Benz,G-Class,70
68835,Toyota,Tundra,71
77258,Nissan,Quest,77
77824,Ram,2500,69
78053,Pontiac,Grand Prix,78
80005,Scion,xB,75
82590,Chevrolet,Cavalier,74
93089,Pontiac,Sunbird,67
93745,Nissan,Sentra,66
94194,Kia,Optima,76
94821,Oldsmobile,Regency,68
15368,Mercury,Topaz,82
17562,Ford,Tempo,90
21408,Ford,Escort,91
22431,Ford,Ranger,84
24997,Infiniti,G,85
25352,Chevrolet,Monte Carlo,92
36131,Dodge,D350 Club,86
40249,Mitsubishi,Outlander,93
46105,Rolls-Royce,Phantom,88
50493,Cadillac,STS-V,89
57493,Dodge,Nitro,87
57536,Maybach,57,96
62880,BMW,Z4,81
71577,Buick,LeSabre,95
74093,Fiat,Nuova 500,94
82103,Mazda,Protege,83
10829,GMC,Safari,100
13495,Geo,Metro,103
21246,Acura,RSX,111
51541,Toyota,Avalon,105
57654,BMW,6 Series,97
57848,Toyota,Land Cruiser,99
65905,Buick,Regal,109
72200,Mazda,Navajo,110
73231,Cadillac,Escalade ESV,106
73340,Toyota,Avalon,112
76846,Dodge,Ram Van 3500,104
77820,Ford,Tempo,107
82955,Oldsmobile,Silhouette,101
88427,GMC,1500,98
91229,GMC,Suburban 1500,108
92712,Honda,Pilot,102
12397,Cadillac,XLR,117
15541,Mitsubishi,Starion,128
22935,Mitsubishi,Mirage,118
24928,Isuzu,Rodeo,121
29739,Pontiac,Firebird,120
35668,Dodge,Ram 2500,127
45209,Dodge,Stratus,124
54693,Toyota,Solara,119
59452,Mercedes-Benz,C-Class,116
62205,Saturn,VUE,122
68084,Mazda,Millenia,126
71274,Mazda,RX-8,125
71932,Audi,A5,115
86429,Honda,Element,113
98199,Buick,Skyhawk,123
98835,Chevrolet,K5 Blazer,114
15044,Ford,E350,139
33693,Chrysler,Town & Country,129
39076,Suzuki,Kizashi,143
42224,Ford,F150,142
44194,Ford,Ranger,138
53659,Mazda,B-Series Plus,137
60136,Ford,Flex,133
64933,Dodge,Intrepid,136
68333,Chrysler,300M,131
68603,Volkswagen,Routan,132
71942,Mercedes-Benz,W126,135
75346,Mitsubishi,Galant,141
75901,Hyundai,Accent,134
76015,Pontiac,Firebird,144
97852,Lincoln,Town Car,130
97988,Dodge,Dakota,140
12106,Fiat,Nuova 500,147
18514,Chevrolet,Sportvan G20,155
25031,Audi,R8,151
25670,Lexus,IS,158
31978,Lexus,ES,145
32369,Toyota,Tacoma Xtra,148
36409,Mercedes-Benz,S-Class,152
41857,Volkswagen,Golf,154
48751,Kia,Sportage,159
71169,Audi,A6,149
73001,Lotus,Elise,153
77216,Mercedes-Benz,SL-Class,146
84461,Ford,Courier,157
88813,GMC,Yukon,150
92909,Porsche,Boxster,160
93112,Subaru,Legacy,156
14919,Lotus,Esprit,171
17137,Subaru,Legacy,163
19711,Mitsubishi,3000GT,172
22487,Toyota,Avalon,173
28087,GMC,2500 Club Coupe,176
38177,Maserati,430,169
46589,Toyota,Celica,166
47402,Pontiac,Sunbird,161
57263,Mercedes-Benz,SL-Class,164
67270,GMC,Savana,170
69937,Ford,F150,168
76465,BMW,5 Series,174
77135,Aston Martin,Vantage,175
91086,Hummer,H3,167
96885,GMC,Suburban 1500,162
97611,Audi,TT,165
16009,Ford,Taurus X,181
16729,Volkswagen,Golf,189
18657,Suzuki,Vitara,180
23953,Aston Martin,Virage,192
31469,GMC,Savana 1500,178
33809,Subaru,Baja,191
41081,Pontiac,G8,188
41120,Mitsubishi,Galant,177
43870,Mercury,Tracer,187
46145,Maybach,57,184
54964,Plymouth,Sundance,190
56378,Mazda,MX-5,186
56589,Rolls-Royce,Phantom,179
56774,Mercedes-Benz,Sprinter 3500,185
67177,Mercedes-Benz,S-Class,182
87667,Plymouth,Laser,183
17505,Mitsubishi,Galant,193
19845,Hyundai,Elantra,207
21882,Mazda,Protege,208
26583,Volvo,850,204
37497,Mitsubishi,Galant,194
50882,Cadillac,Eldorado,203
52885,Saab,900,205
54046,BMW,M6,206
64818,Oldsmobile,Cutlass,202
69491,Toyota,Tundra,196
70259,Chevrolet,G-Series 2500,200
71714,Volkswagen,rio,195
78696,Peugeot,207,197
87501,Ford,Ranger,201
99047,Mazda,CX-9,198
99515,Ford,Taurus,199
28661,BMW,5 Series,223
30071,Nissan,Xterra,212
42564,Mazda,Mazdaspeed6,209
45793,Honda,CR-X,211
47343,Ford,Festiva,217
49741,Volkswagen,New Beetle,214
50336,Mercedes-Benz,S-Class,215
50724,Mazda,MPV,224
53418,Lexus,LX,216
55576,Land Rover,Range Rover,218
58191,Audi,Cabriolet,213
59167,Mazda,Mazda3,220
63116,Saab,9-5,222
79940,BMW,525,219
83582,Mitsubishi,Tredia,210
96868,Pontiac,Sunfire,221
11525,Dodge,Ram Van 1500,226
11909,Volkswagen,Jetta,238
24527,BMW,650,231
28119,Dodge,Caravan,239
42963,Rolls-Royce,Phantom,232
55683,Toyota,Land Cruiser,237
57965,Volvo,C70,227
66193,Chevrolet,HHR,225
71772,Toyota,Solara,233
71854,Audi,RS6,229
72909,Pontiac,Tempest,240
75338,Acura,RL,235
84048,Lexus,LS,228
92615,Maybach,62,230
94294,Geo,Tracker,234
98444,Cadillac,Escalade,236
21200,Kia,Rio,243
26174,Chevrolet,G-Series 1500,241
39935,Audi,90,250
42375,Mazda,B2600,242
42446,Volkswagen,Jetta,253
46232,Ford,Thunderbird,246
50255,Dodge,D250 Club,245
50615,Bentley,Arnage,248
50633,GMC,Savana 2500,255
57158,Maserati,Quattroporte,244
57834,Volvo,S40,249
59922,Lotus,Evora,247
73018,Volvo,S80,251
83262,Jeep,Compass,252
89104,Honda,S2000,256
91320,GMC,Safari,254
10418,Ford,Laser,270
23436,BMW,Z4,262
29521,Nissan,NV2500,264
30331,Audi,Allroad,263
34442,Acura,TSX,269
37168,Nissan,Altima,268
42548,Oldsmobile,Ciera,261
53147,BMW,3 Series,266
53389,Chevrolet,Corvette,259
53529,Saturn,VUE,258
56747,Rolls-Royce,Phantom,267
59296,Nissan,Xterra,272
70097,Kia,Rondo,271
88329,GMC,2500 Club Coupe,260
88362,Mazda,B-Series Plus,257
93986,Saab,9-7X,265
17759,Toyota,Tundra,277
18563,Mercury,Marauder,280
23787,Lamborghini,Diablo,273
23860,Mazda,Protege,284
28753,Buick,Century,279
33743,Nissan,Xterra,287
40964,Cadillac,CTS-V,285
44562,Buick,Regal,282
57746,Mercedes-Benz,E-Class,283
62769,Nissan,Pathfinder,275
63345,Dodge,Ram 2500 Club,281
65701,Honda,Odyssey,286
70720,Kia,Sephia,278
84673,Dodge,Intrepid,274
85396,Ford,Courier,276
98510,Pontiac,Grand Prix,288
14440,Mercedes-Benz,S-Class,302
24553,Ford,Escape,292
31111,Lexus,GS,294
31354,Nissan,Altima,298
33622,Mitsubishi,Mirage,303
34965,Toyota,Land Cruiser,299
41444,Mazda,929,290
46276,Studebaker,Avanti,300
58600,Dodge,Grand Caravan,295
61516,Jeep,Wrangler,289
62521,Kia,Rio,304
66898,Mazda,Millenia,296
67095,Toyota,Corolla,297
69186,Porsche,Cayenne,301
75016,Nissan,Maxima,293
78501,Honda,Accord,291
16418,Buick,Park Avenue,306
17219,Ford,Probe,307
21382,MINI,Cooper,308
23398,Audi,V8,314
33954,Jeep,Wrangler,317
38971,Honda,S2000,311
40342,Hyundai,Accent,316
63498,Volkswagen,Scirocco,310
64862,Mercedes-Benz,SLK-Class,312
65190,Mazda,MX-6,309
65672,Porsche,911,315
66324,Suzuki,Equator,320
74268,Mercedes-Benz,CLK-Class,313
95672,Volkswagen,Golf,319
96350,Subaru,Forester,305
96928,Dodge,Ram Van 2500,318
20934,Mercedes-Benz,CL-Class,322
21142,Mazda,MX-5,336
44528,Dodge,Ram Van 1500,334
44761,GMC,Sonoma,324
47336,Saturn,VUE,325
49927,Infiniti,G,333
52187,Nissan,350Z,323
63081,Audi,S8,327
63759,Chevrolet,Tahoe,330
65776,Pontiac,Firebird,326
76124,BMW,M5,335
80462,Nissan,240SX,321
87792,Suzuki,Sidekick,331
89452,Mazda,MX-6,328
93415,Pontiac,Daewoo Kalos,329
99249,Infiniti,G,332
10215,Saab,9-5,351
22842,Mitsubishi,Cordia,350
31087,Saturn,S-Series,337
43465,Mercedes-Benz,SL-Class,349
48168,Mitsubishi,Galant,338
49101,Nissan,Frontier,348
53650,Buick,Regal,341
58085,Hyundai,Veracruz,347
62309,Kia,Sorento,352
67035,Chevrolet,Express 2500,343
71989,Ford,Econoline E250,345
74895,Hyundai,XG350,342
75387,Chevrolet,3500,346
76052,Chrysler,Sebring,340
79944,Chevrolet,Camaro,339
95651,Alfa Romeo,164,344
22489,Ford,Expedition,354
23697,Chrysler,Concorde,368
32493,Chevrolet,Malibu,365
38146,BMW,M5,362
41185,Jaguar,XK Series,366
43225,Pontiac,Grand Prix,364
59290,Alfa Romeo,Spider,361
63644,Chevrolet,Equinox,367
65507,Ford,F-Series,360
67314,Mazda,MX-3,355
67358,Lincoln,Continental,358
78409,Cadillac,CTS,359
80445,Buick,Lucerne,357
84021,Scion,xA,353
87294,Chevrolet,Express 3500,356
90192,Audi,200,363
10114,BMW,325,371
16477,Chevrolet,Silverado 1500,375
27192,Geo,Tracker,379
47557,GMC,Yukon,381
48307,Pontiac,6000,376
49491,Pontiac,Trans Sport,377
50854,BMW,7 Series,373
52125,Ford,Aspire,384
52847,Dodge,Neon,370
57659,Isuzu,Rodeo,372
69070,Dodge,Nitro,374
72502,Toyota,Corolla,380
77962,Mazda,Miata MX-5,383
90310,MINI,Cooper Clubman,378
90514,Volkswagen,Touareg,382
97862,Mitsubishi,3000GT,369
14708,GMC,Suburban 2500,400
17811,Buick,Verano,392
23933,Plymouth,Sundance,399
27206,Dodge,Ram 1500,397
30047,Pontiac,Bonneville,398
34028,GMC,Rally Wagon 1500,389
36845,Chevrolet,Suburban 1500,385
44410,Subaru,Loyale,391
48054,Ford,F350,386
53986,Mercedes-Benz,Sprinter 2500,390
56948,Mercedes-Benz,CLK-Class,394
76105,Panoz,Esperante,396
78184,Nissan,Titan,387
88769,Buick,LeSabre,395
96718,Volkswagen,Golf,393
96736,Porsche,911,388
15171,Saab,9-5,414
29839,Pontiac,Solstice,416
32001,Mazda,RX-7,407
33937,Mitsubishi,Mirage,415
34239,Ford,F150,408
35133,Buick,Regal,403
45289,Dodge,Grand Caravan,409
52750,Mercedes-Benz,C-Class,410
54386,Hyundai,Azera,405
64449,GMC,Vandura 1500,413
76165,Ford,Courier,404
79990,Ford,F-350 Super Duty,412
84113,Chevrolet,Tahoe,411
90030,Ford,E350,406
90951,Chevrolet,Silverado 1500,401
93842,Dodge,Intrepid,402
11138,Kia,Rio,432
16852,Nissan,Titan,419
17662,Oldsmobile,Regency,430
32342,Daewoo,Lanos,423
38712,Lincoln,LS,424
45786,Chevrolet,Suburban 2500,421
46081,Suzuki,Samurai,426
47326,Chrysler,300,418
77770,Nissan,Maxima,420
82155,Chevrolet,Colorado,427
82672,Mazda,929,428
83879,Mitsubishi,GTO,431
91813,Nissan,Versa,425
92620,GMC,Suburban 2500,422
93414,Dodge,D150,429
94240,Chevrolet,G-Series G10,417
11961,Nissan,Frontier,447
16825,Infiniti,M,445
18363,Ford,Ranger,444
21368,Mercedes-Benz,E-Class,439
25316,Jeep,Liberty,443
36357,Mercedes-Benz,SL-Class,437
39012,Lincoln,Town Car,438
39176,Chevrolet,Suburban 2500,433
40795,Volkswagen,Passat,448
44139,Chevrolet,Suburban 1500,440
58299,Kia,Rio,436
59788,Nissan,Altima,442
60677,Volkswagen,Jetta,435
68044,Porsche,Boxster,441
71140,Subaru,B9 Tribeca,446
76015,Mazda,929,434
14893,Toyota,Prius,450
15257,Mercedes-Benz,E-Class,453
31245,BMW,530,464
36590,Honda,Civic,462
39736,Kia,Amanti,463
47733,BMW,7 Series,461
49418,Audi,Quattro,459
56371,Mazda,MPV,457
57195,Dodge,Dakota,455
65265,Hyundai,Santa Fe,454
70547,Ford,F350,460
73542,Mazda,Miata MX-5,458
73710,Hyundai,Tiburon,456
80364,Mazda,626,451
83351,Mazda,Mazda6,449
90631,Toyota,Prius Plug-in Hybrid,452
13694,GMC,Sierra 2500,468
16554,Volkswagen,Passat,473
20168,Buick,Century,472
26382,Lexus,RX,476
26916,GMC,Envoy,467
27038,Volvo,V70,479
35128,GMC,2500,477
41412,GMC,Sierra 2500,478
64522,BMW,M5,480
64704,Saturn,S-Series,471
70258,Volkswagen,Jetta III,470
73630,Ford,F150,475
79521,Audi,5000S,466
92746,Oldsmobile,Silhouette,474
93418,Toyota,Tercel,465
98221,Nissan,Cube,469
10300,Lincoln,MKS,487
13460,Dodge,Journey,488
16830,Chevrolet,Impala SS,493
28421,Hyundai,Sonata,489
28863,Acura,SLX,484
33726,Toyota,Celica,492
40359,Chevrolet,G-Series G10,490
48161,Chevrolet,G-Series 2500,495
66425,Volvo,S40,496
67409,Infiniti,FX,494
70294,GMC,Canyon,483
70517,Ford,Explorer,481
77172,GMC,Acadia,491
87332,Audi,Allroad,485
87970,Lincoln,Mark VIII,482
96915,Mercedes-Benz,SL-Class,486
23438,Buick,Skyhawk,497
23736,Kia,Rio,508
24119,Mercedes-Benz,C-Class,504
31900,Chevrolet,Blazer,502
37896,Dodge,Ram Wagon B250,505
40834,Pontiac,Firebird,503
41069,Acura,CL,512
41445,Isuzu,Trooper,499
42031,Ford,E350,506
48297,Volvo,V70,509
59429,Hyundai,Santa Fe,498
70443,Infiniti,G,511
71638,Cadillac,Fleetwood,500
86463,Land Rover,Freelander,507
87419,Chevrolet,Venture,510
93714,Honda,Accord,501
11293,Dodge,Dakota,523
19420,Suzuki,Swift,516
28448,Ford,Aerostar,519
54773,Ford,Taurus,521
59665,Toyota,Highlander,528
63463,Buick,Enclave,527
68135,Mercury,Tracer,515
70387,Ford,Econoline E250,513
76101,Toyota,Tundra,524
79184,BMW,M6,517
79626,Toyota,Celica,518
90702,Ford,Explorer Sport,520
93795,Toyota,Camry Hybrid,526
95039,Chevrolet,S10,522
95779,Nissan,Maxima,525
98800,Audi,4000CS Quattro,514
11825,Chevrolet,Equinox,542
20965,Buick,LeSabre,541
27505,Buick,Skylark,529
29250,Dodge,Ram Wagon B350,537
30137,Buick,Riviera,530
32872,Honda,Passport,536
33054,Mercedes-Benz,SLS-Class,540
34922,GMC,Canyon,544
35721,Mercury,Topaz,532
38172,Mercury,Cougar,538
39449,Volkswagen,Eos,533
42243,Cadillac,STS-V,531
51785,Mitsubishi,GTO,543
63382,Lexus,SC,539
67925,Kia,Amanti,535
74403,Subaru,Alcyone SVX,534
27667,Nissan,Murano,553
30287,Mercedes-Benz,S-Class,558
34878,Bugatti,Veyron,550
38452,Maserati,Biturbo,559
40125,GMC,Savana 3500,557
43610,Volkswagen,Passat,546
49934,Ford,Probe,554
60141,Mazda,626,545
63151,Ford,F350,551
67855,Kia,Sorento,548
68869,Nissan,Xterra,555
72837,Porsche,911,547
86008,Saab,900,560
92715,Nissan,Maxima,552
93665,Ford,Taurus,549
97807,Chevrolet,2500,556
14091,Toyota,Tacoma Xtra,562
18088,Chevrolet,Silverado,573
20256,Kia,Amanti,569
29834,Chevrolet,Silverado 2500,568
33491,Audi,A3,565
37757,Infiniti,QX56,571
50264,Hyundai,Sonata,567
56759,Ford,Contour,561
57087,Volvo,S40,566
63108,Ford,Thunderbird,564
64504,GMC,Savana 3500,572
73268,Hyundai,Sonata,563
73794,Toyota,Sequoia,570
77563,GMC,Sonoma,574
90478,Porsche,Cayman,575
92505,Lincoln,Navigator,576
12312,Lincoln,Continental Mark VII,581
15284,Acura,RSX,592
16041,Suzuki,XL-7,578
16267,Jeep,Compass,582
18992,Lincoln,Navigator L,584
31054,Ford,F150,580
32812,Mitsubishi,3000GT,591
34584,Dodge,Stratus,583
52553,Ford,Ranger,587
52559,Lexus,GX,586
62056,Plymouth,Acclaim,579
64736,BMW,M6,577
75172,Dodge,Caravan,590
86928,Saab,9-3,585
92857,Audi,V8,588
97396,Ford,Aspire,589
11556,Nissan,Sentra,605
15312,Mercury,Monterey,600
19187,Toyota,Xtra,606
25758,Pontiac,Grand Prix,602
27582,Cadillac,STS,597
28189,Pontiac,LeMans,595
41217,Mercedes-Benz,C-Class,596
46370,Lotus,Elan,603
58007,Pontiac,LeMans,601
58294,Audi,S4,594
67776,GMC,Envoy,593
68328,Lincoln,Town Car,598
81242,Lincoln,Continental,599
84295,Honda,CR-V,604
88213,Mercury,Topaz,607
93550,Oldsmobile,98,608
11944,Pontiac,Turbo Firefly,612
12563,Acura,RDX,611
13136,Toyota,Solara,617
23152,Volkswagen,GTI,609
40550,Audi,S4,620
63904,GMC,Sierra 2500,619
68712,Suzuki,Swift,623
69950,Lotus,Esprit,622
78738,Jeep,Wrangler,614
79017,Ford,Focus,613
81400,Dodge,Viper,610
85612,Dodge,Journey,621
91272,Audi,TT,624
94016,BMW,6 Series,616
94624,Kia,Rio,615
95423,Land Rover,Range Rover,618
18742,Ford,Explorer,626
19298,Volkswagen,Golf,631
21913,Volkswagen,Scirocco,630
42470,Audi,S8,629
46855,Nissan,Maxima,632
47271,Plymouth,Voyager,639
47788,Mercedes-Benz,SLS-Class,625
49852,Lincoln,Continental,636
57827,Chrysler,Town & Country,628
66208,Audi,Allroad,633
72949,Acura,TL,640
73446,BMW,M3,638
75831,Saturn,Outlook,635
83058,GMC,Sonoma,637
87889,Mazda,Tribute,634
88888,Chrysler,PT Cruiser,627
20359,Lexus,RX,645
29710,Isuzu,Axiom,647
33555,Chevrolet,Suburban 2500,654
33789,Lexus,LS Hybrid,650
37442,Nissan,370Z,656
43546,BMW,3 Series,644
52325,Mercedes-Benz,SL-Class,642
59725,Ford,Focus,649
70674,Chrysler,Sebring,655
79879,Buick,Regal,652
95500,Dodge,Caravan,641
97216,Plymouth,Neon,643
98149,Ford,Probe,648
98151,Audi,R8,653
98838,Pontiac,Firebird,651
99774,Mazda,B-Series Plus,646
32150,Toyota,Tundra,669
40696,Dodge,Charger,666
44244,Maserati,GranTurismo,658
47543,Mercury,Mountaineer,659
51148,Volkswagen,Cabriolet,668
55621,Honda,S2000,671
58935,Aston Martin,DBS,667
59938,Chrysler,Sebring,670
70559,Volvo,XC70,657
71568,Buick,Lucerne,665
72420,Toyota,Solara,661
73290,Chevrolet,Silverado 1500,664
76026,Pontiac,Safari,672
79471,Dodge,Caliber,663
93030,Lexus,LX,662
95618,Mitsubishi,Galant,660
14852,Chrysler,LHS,673
22847,Pontiac,GTO,688
23927,Ford,F250,676
25409,Volvo,V50,679
25637,Mercury,Grand Marquis,675
26749,Pontiac,Grand Prix,685
31637,Ford,Freestyle,684
31897,Chevrolet,Malibu,678
35956,Toyota,Tercel,674
38681,Plymouth,Colt Vista,683
54216,Ram,C/V,686
56930,Audi,A4,681
58015,Volvo,V40,680
81152,Toyota,Avalon,677
87888,Nissan,Altima,687
87915,Honda,Pilot,682
10525,Ferrari,F430,701
25019,Porsche,Boxster,700
29851,Mazda,Miata MX-5,695
39394,Kia,Sportage,697
39781,MINI,Cooper Countryman,690
42361,Kia,Sedona,691
43597,Mercedes-Benz,C-Class,694
46966,Dodge,Dakota Club,704
55178,Isuzu,i-290,703
59534,Toyota,Land Cruiser,692
61261,Mercury,Mystique,702
67142,Toyota,4Runner,696
68725,Isuzu,Ascender,693
75162,Ford,F250,699
84706,Ford,E-Series,698
91692,GMC,1500,689
28422,Buick,Terraza,718
32066,Honda,Odyssey,713
37600,Oldsmobile,Bravada,712
39790,MINI,Cooper,714
49817,Mazda,Mazdaspeed 3,706
55407,Porsche,928,715
59469,BMW,M Roadster,710
64539,Dodge,Ram 2500,708
69303,Mitsubishi,Eclipse,719
69792,Nissan,GT-R,711
72699,Volkswagen,Jetta,705
77161,Pontiac,Bonneville,707
80097,Buick,Century,716
85351,Mazda,B-Series,720
85566,Mitsubishi,Outlander,709
85891,Dodge,Caravan,717
18163,Kia,Amanti,721
18381,Ford,Ranger,730
24318,Mazda,Mazdaspeed 3,732
32169,Lamborghini,Diablo,734
48436,Mitsubishi,Pajero,724
48815,Buick,Park Avenue,725
56696,Audi,A6,735
56764,Ford,Taurus,726
57083,Pontiac,Bonneville,723
57154,Mazda,MX-5,731
59700,Mercury,Grand Marquis,722
64194,Nissan,Xterra,727
81274,BMW,5 Series,733
87898,Mercedes-Benz,400SE,736
89231,Nissan,Maxima,729
95496,Subaru,Legacy,728
14220,Toyota,Avalon,742
15244,GMC,Yukon,741
17753,Lincoln,Aviator,750
20413,Pontiac,Grand Prix,747
38852,Saab,9-5,748
41099,Mitsubishi,GTO,752
43964,Hyundai,Sonata,746
49981,Ford,Econoline E150,740
55311,Hyundai,Genesis Coupe,743
59520,Infiniti,G37,737
75837,Ford,Ranger,738
82728,Mazda,B-Series Plus,739
86229,Dodge,Dakota,744
89908,Nissan,240SX,745
94651,Volvo,S60,749
96694,Buick,Skylark,751
11691,Hyundai,Tiburon,757
21961,Toyota,RAV4,767
31013,Honda,Accord,760
34297,Mazda,Navajo,754
36550,Lincoln,MKT,753
37185,Pontiac,1000,763
39709,Tesla,Roadster,756
42037,Ford,E-Series,761
44412,Ford,Crown Victoria,759
57311,Jaguar,XK Series,758
60416,Mercedes-Benz,GL-Class,765
71852,Cadillac,Escalade EXT,766
75650,BMW,6 Series,755
81475,Mazda,B-Series,762
87580,Dodge,Ram Van 2500,768
92729,Mercury,Sable,764
13791,GMC,Terrain,783
21994,Cadillac,Escalade EXT,769
23630,Saturn,Aura,774
29848,Mitsubishi,Starion,771
36971,BMW,5 Series,772
37326,Mazda,Mazda5,777
40053,Suzuki,Kizashi,782
44807,Ferrari,F430,770
47666,Ford,Tempo,784
47923,GMC,Suburban 2500,781
50168,Suzuki,Daewoo Magnus,778
72753,Suzuki,Forenza,779
75451,Oldsmobile,Achieva,776
88066,Mazda,RX-8,775
88147,Jeep,Grand Cherokee,773
88323,Chevrolet,3500,780
10890,Mazda,B-Series,787
15860,Maserati,Spyder,788
32955,Lexus,SC,796
33953,Audi,TT,794
34434,Pontiac,Parisienne,797
35058,Mercury,Cougar,791
44533,Infiniti,I,789
55553,Dodge,Ram Van B250,799
66394,Dodge,Dakota,795
77140,Chevrolet,G-Series G30,800
78273,Toyota,Camry,792
79004,Toyota,Avalon,786
80541,Subaru,Loyale,790
84069,Mercedes-Benz,E-Class,785
93339,Audi,90,798
99529,Ford,Thunderbird,793
10362,Chevrolet,Impala,811
13567,Kia,Rio,807
14566,Ford,Tempo,809
30704,Toyota,Venza,815
32614,Buick,Electra,812
36089,Volkswagen,Cabriolet,813
39287,Volkswagen,rio,806
39963,GMC,Savana 1500,804
60613,Mazda,MPV,808
61630,Ford,F150,814
78082,Bentley,Azure,802
78117,Lexus,LS,805
85111,Hummer,H3,810
86672,Dodge,Ram 3500,803
87211,Pontiac,LeMans,816
87496,Mercury,Marauder,801
15634,Suzuki,Daewoo Lacetti,822
18993,Chevrolet,Corvette,831
20465,Saturn,Outlook,824
21582,Ford,Focus,829
23067,Mercury,Sable,817
32491,Honda,CR-V,827
32884,Jaguar,XJ Series,819
41292,GMC,Sierra 1500,820
44385,Volvo,850,832
46786,Dodge,Ram Wagon B150,826
59080,Pontiac,GTO,828
76451,Nissan,300ZX,830
78244,Ford,Ranger,823
88399,BMW,3 Series,821
95331,Audi,riolet,825
99789,Ford,F150,818
11319,Nissan,Pathfinder,833
16679,Saturn,S-Series,845
23596,Toyota,Yaris,837
29974,Audi,A6,841
35134,Mercedes-Benz,SLR McLaren,839
35991,Land Rover,Discovery,848
41632,Mazda,CX-9,843
44174,Jaguar,XJ,847
62330,Audi,4000s Quattro,842
63803,Buick,Coachbuilder,840
68714,Honda,Odyssey,835
69739,Hummer,H1,846
72326,Mitsubishi,Eclipse,844
75531,Oldsmobile,Aurora,834
81397,Toyota,Corolla,836
89728,Chevrolet,Monte Carlo,838
10936,Honda,Fit,849
25141,Mitsubishi,Diamante,855
25937,Mazda,GLC,859
30984,Infiniti,I,861
33566,Daewoo,Lanos,853
33658,Dodge,Ram 1500,854
41811,Porsche,Cayenne,850
43412,Dodge,Intrepid,858
55233,GMC,Envoy,856
61018,Dodge,Stratus,852
69044,Ford,F150,864
69642,GMC,Sierra 3500,862
73368,Honda,Accord,857
76293,Pontiac,G3,863
84377,Lexus,GS,860
93430,Mazda,B2500,851
14026,Pontiac,Bonneville,866
17944,Chevrolet,Lumina,868
22408,BMW,X5,871
28831,Pontiac,GTO,878
35064,Scion,xD,865
35390,Bentley,Azure T,867
49929,Oldsmobile,Bravada,874
56787,Toyota,Tacoma Xtra,879
58493,Volkswagen,Passat,875
60863,GMC,Sierra 3500HD,880
62742,Nissan,Altima,877
68457,Mitsubishi,Montero,873
73499,Saturn,Ion,876
86058,Mitsubishi,Challenger,869
91516,GMC,Jimmy,872
99438,Nissan,Titan,870
11525,Toyota,Tacoma,889
12346,Volvo,C70,886
31334,Audi,4000CS Quattro,893
36126,Scion,xD,892
36674,Plymouth,Voyager,885
36744,Pontiac,Bonneville,884
41420,Ford,Explorer,882
43779,Hummer,H3,891
49235,Jaguar,X-Type,890
51977,Mercury,Tracer,895
77043,GMC,Yukon,894
82307,Nissan,Maxima,887
84152,Ram,3500,881
87811,Volkswagen,Cabriolet,896
91446,Ford,Mustang,883
92972,Chevrolet,Suburban,888
15102,Mercedes-Benz,C-Class,905
15642,Honda,CR-Z,907
17859,Hyundai,Azera,909
32413,Kia,Sedona,897
40116,GMC,2500 Club Coupe,908
53331,Chrysler,Crossfire,910
56387,Ford,Econoline E350,903
58201,Nissan,Sentra,911
66770,Mazda,929,902
70679,Mitsubishi,Challenger,900
74830,Chevrolet,Suburban 2500,898
75309,Audi,A8,906
76071,Volkswagen,Type 2,899
77410,Mitsubishi,Lancer,904
86603,Buick,LeSabre,901
94871,Lincoln,Continental Mark VII,912
12441,Ford,Econoline E150,924
19193,Ford,Ranger,927
33471,Hyundai,Accent,920
34741,Suzuki,XL-7,923
38049,MINI,Cooper,914
45188,Eagle,Talon,922
56538,Chevrolet,Suburban 1500,915
60626,Toyota,Avalon,918
62939,Toyota,Celica,916
73369,Suzuki,Esteem,917
77677,Oldsmobile,Bravada,921
77720,Subaru,Legacy,928
81000,Mitsubishi,Mighty Max,913
87099,Saab,9-5,925
90725,Dodge,Durango,919
91678,Land Rover,LR3,926
13910,Dodge,Ram Wagon B150,943
23637,GMC,Yukon XL 1500,931
34792,Porsche,944,935
36324,Lincoln,MKS,933
51067,Volkswagen,GTI,937
57221,Ford,Crown Victoria,944
64156,Ford,E-Series,938
70399,Suzuki,Grand Vitara,929
71818,Subaru,Alcyone SVX,936
73641,Pontiac,Sunfire,930
76949,Volkswagen,Golf,941
83777,Honda,S2000,939
89207,Chevrolet,Silverado 1500,940
91456,Ford,Ranger,934
94651,Chrysler,Sebring,942
95936,Saturn,S-Series,932
12113,Audi,4000s,953
21690,GMC,Yukon XL 2500,950
27984,Austin,Mini,946
29686,Mercedes-Benz,SL-Class,948
40240,Chrysler,Sebring,949
41870,Volkswagen,Fox,957
48182,Ford,Mustang,954
51866,Lexus,GX,955
53903,Ford,Mustang,956
63537,Mercedes-Benz,GL-Class,951
66029,Acura,SLX,960
70702,Chrysler,Crossfire Roadster,958
75517,Chevrolet,Express 2500,959
81576,BMW,M6,945
91430,GMC,Savana 3500,947
96349,Chevrolet,Uplander,952
22940,Ferrari,California,965
31940,Audi,TT,961
40301,Honda,del Sol,973
40652,Lexus,GX,968
44109,Cadillac,DeVille,975
49837,Mazda,B-Series Plus,963
54086,Ford,Econoline E350,966
57452,Chevrolet,Express 3500,970
59671,Jeep,Liberty,964
65573,Mercury,Grand Marquis,972
69041,Mazda,CX-9,969
77132,Mercedes-Benz,S-Class,974
80474,Chevrolet,Tahoe,962
81576,Eagle,Talon,971
84187,Saab,9-5,976
93849,Toyota,Tundra,967
16390,Aston Martin,V8 Vantage,990
26318,Mercedes-Benz,G-Class,985
28767,BMW,M,977
37735,Buick,Enclave,987
43784,Dodge,D150 Club,983
45994,Ford,Escort,991
48072,Toyota,Tacoma,984
48743,Ford,F250,989
53638,Mitsubishi,Galant,979
55560,Saturn,Ion,980
58358,Mercedes-Benz,SLR McLaren,978
66738,Toyota,Celica,992
66932,Buick,LeSabre,988
85947,Subaru,XT,982
93035,Mercedes-Benz,300SL,986
95494,Dodge,Dakota Club,981
28250,Ford,Econoline E150,997
44177,Mazda,MX-5,998
61816,Chevrolet,S10,1000
66410,Toyota,Sequoia,996
74402,Ford,F250,999
87202,Isuzu,Rodeo,994
94262,Infiniti,QX,995
99572,Honda,Passport,993
