3|Subaru|Forester|47063|Sallie Chamberlin
4|Mercury|Sable|70813|Van Marley
8|Mazda|MX-6|92677|Loleta Shearmur
10|Toyota|Camry|46123|Daveta Jorden
17|Lexus|SC|35932|Theodoric Whiteoak
19|Hyundai|Excel|18975|Georgia Ovenell
21|Cadillac|STS-V|85176|Amie Iacovacci
23|Mitsubishi|Sigma|21081|Agathe Stormonth
23|Mitsubishi|Sigma|21081|Shana Hane
26|Suzuki|Grand Vitara|62005|Shem Pistol
31|Lexus|HS|81980|Annissa Lieb
33|Dodge|Caravan|88474|Austin Hatchell
34|Toyota|Land Cruiser|80728|Weider Sturgis
37|Toyota|Prius Plug-in Hybrid|85514|Becca Priddey
39|Buick|Estate|62828|Cicily Kiddy
44|Audi|TT|47886|Valentijn Cropton
44|Audi|TT|47886|Forest Franzotto
45|Oldsmobile|Ciera|94570|Idalina Ingamells
48|Eagle|Summit|77117|Bealle McAllen
52|Hummer|H2 SUV|36646|Willyt Schwandermann
56|Mercedes-Benz|SLK-Class|18710|Giustina Blakemore
59|Lotus|Esprit|13828|Jaime Wennam
62|Audi|S5|92117|Crin Veitch
63|Chevrolet|Corvette|43208|Fonz Fargie
63|Chevrolet|Corvette|43208|Tamra Tytterton
69|Ram|2500|77824|Horatio Damiral
78|Pontiac|Grand Prix|78053|Sallee Stronghill
82|Mercury|Topaz|15368|Jeffie Hedger
82|Mercury|Topaz|15368|Jackquelin Hemms
83|Mazda|Protege|82103|Pegeen Burrell
87|Dodge|Nitro|57493|Abagael McKane
87|Dodge|Nitro|57493|Norton Iacovo
90|Ford|Tempo|17562|De witt Crank
91|Ford|Escort|21408|Brande Sikora
96|Maybach|57|57536|Kahaleel Kneeland
97|BMW|6 Series|57654|Patsy Klesel
99|Toyota|Land Cruiser|57848|Jemie Mottram
104|Dodge|Ram Van 3500|76846|Arlen Debow
106|Cadillac|Escalade ESV|73231|Bertie Coppen
107|Ford|Tempo|77820|Thurstan Farra
107|Ford|Tempo|77820|Felicle Spurriar
108|GMC|Suburban 1500|91229|Roxine Maldin
108|GMC|Suburban 1500|91229|Roderic Sweeting
108|GMC|Suburban 1500|91229|Dulcine Kohrding
109|Buick|Regal|65905|Carley Ewings
119|Toyota|Solara|54693|Andria Haly
119|Toyota|Solara|54693|Meggy De Paoli
119|Toyota|Solara|54693|Gerrie Hazzard
121|Isuzu|Rodeo|24928|Lydia Ioan
126|Mazda|Millenia|68084|Lionel Coogan
126|Mazda|Millenia|68084|Kial Letham
126|Mazda|Millenia|68084|Doralin Harrington
127|Dodge|Ram 2500|35668|Abby Narup
128|Mitsubishi|Starion|15541|Blakelee Kingaby
128|Mitsubishi|Starion|15541|Malissia Byham
130|Lincoln|Town Car|97852|Aida Filpo
132|Volkswagen|Routan|68603|Eal Ransfield
133|Ford|Flex|60136|Lionello Zoren
133|Ford|Flex|60136|Brewer Hattoe
133|Ford|Flex|60136|Zita Neaves
134|Hyundai|Accent|75901|Antonius Rolinson
139|Ford|E350|15044|Elissa Cake
142|Ford|F150|42224|Izaak Golland
142|Ford|F150|42224|Mab Raiker
144|Pontiac|Firebird|76015|Lenka Abramovici
144|Pontiac|Firebird|76015|Durand Trye
147|Fiat|Nuova 500|12106|Starlin Colomb
147|Fiat|Nuova 500|12106|Marinna Mogford
148|Toyota|Tacoma Xtra|32369|Redd Burgen
149|Audi|A6|71169|Roselin Tanman
153|Lotus|Elise|73001|Sula Bodley
155|Chevrolet|Sportvan G20|18514|Maxy Chidgey
157|Ford|Courier|84461|Felicity Cogan
159|Kia|Sportage|48751|Marylou McIvor
163|Subaru|Legacy|17137|Kassey Jansens
163|Subaru|Legacy|17137|Verene Siggs
164|Mercedes-Benz|SL-Class|57263|Teador Skelbeck
167|Hummer|H3|91086|Elfreda Sherborne
169|Maserati|430|38177|Dal Longson
172|Mitsubishi|3000GT|19711|Ainslie Hollingsby
172|Mitsubishi|3000GT|19711|Dorolisa Jenkins
173|Toyota|Avalon|22487|Lise Flecknoe
175|Aston Martin|Vantage|77135|Suzie Wogden
175|Aston Martin|Vantage|77135|Hetti Normaville
175|Aston Martin|Vantage|77135|Dannie Petel
178|GMC|Savana 1500|31469|Ringo Niven
178|GMC|Savana 1500|31469|Amalle Twomey
181|Ford|Taurus X|16009|Maddalena Meneux
182|Mercedes-Benz|S-Class|67177|Hodge McCusker
186|Mazda|MX-5|56378|Oneida Berge
187|Mercury|Tracer|43870|Catha Zupone
188|Pontiac|G8|41081|Ameline Minelli
188|Pontiac|G8|41081|Morten Nelles
192|Aston Martin|Virage|23953|Diarmid McCandless
193|Mitsubishi|Galant|17505|Jessie Haverson
195|Volkswagen|rio|71714|Ebeneser Patkin
197|Peugeot|207|78696|Claire Ivanuschka
200|Chevrolet|G-Series 2500|70259|Trevor Nussey
205|Saab|900|52885|Harmonia Minihane
207|Hyundai|Elantra|19845|Michaela Manning
208|Mazda|Protege|21882|Gabie Greaser
208|Mazda|Protege|21882|Noel Sammes
212|Nissan|Xterra|30071|Tania Ravenhill
213|Audi|Cabriolet|58191|Heddi de Broke
216|Lexus|LX|53418|Farra Blannin
221|Pontiac|Sunfire|96868|Daisie Caley
221|Pontiac|Sunfire|96868|Quintana Taill
224|Mazda|MPV|50724|Curr Ivasechko
224|Mazda|MPV|50724|Lucita Arton
226|Dodge|Ram Van 1500|11525|Florette Payn
228|Lexus|LS|84048|Aaren Rittmeier
229|Audi|RS6|71854|Gaylord Corse
232|Rolls-Royce|Phantom|42963|Mehetabel Devericks
237|Toyota|Land Cruiser|55683|Geralda Logie
238|Volkswagen|Jetta|11909|Tamma Veque
242|Mazda|B2600|42375|Clayborn Pauluzzi
243|Kia|Rio|21200|Debbi Taggert
244|Maserati|Quattroporte|57158|Romain Ducker
248|Bentley|Arnage|50615|Stoddard Quartley
250|Audi|90|39935|Peyton Huonic
252|Jeep|Compass|83262|Garfield Tidball
253|Volkswagen|Jetta|42446|Gaspard Sanzio
254|GMC|Safari|91320|Van Droghan
258|Saturn|VUE|53529|Lusa Pawlyn
260|GMC|2500 Club Coupe|88329|Deedee McKellar
261|Oldsmobile|Ciera|42548|Allene Momery
261|Oldsmobile|Ciera|42548|Alyda Syrad
262|BMW|Z4|23436|Bobby Gready
263|Audi|Allroad|30331|Tommy Woofinden
265|Saab|9-7X|93986|Hamnet Donaway
266|BMW|3 Series|53147|Rosabel Graeme
268|Nissan|Altima|37168|Bab Antonsson
268|Nissan|Altima|37168|Valma Sempill
270|Ford|Laser|10418|Mariam Bragge
271|Kia|Rondo|70097|Tabitha Gate
273|Lamborghini|Diablo|23787|Rachelle Geroldi
273|Lamborghini|Diablo|23787|Mark Carrane
275|Nissan|Pathfinder|62769|Laural Densie
277|Toyota|Tundra|17759|Sawyere Ragot
279|Buick|Century|28753|Hatty Gittis
279|Buick|Century|28753|Douglas Gilbane
284|Mazda|Protege|23860|Celestine Pain
287|Nissan|Xterra|33743|Lucian Gostick
288|Pontiac|Grand Prix|98510|Sampson Lauridsen
288|Pontiac|Grand Prix|98510|Jessika Duffy
292|Ford|Escape|24553|Wernher Stidston
294|Lexus|GS|31111|Vanni Fusco
296|Mazda|Millenia|66898|Bancroft Shutt
300|Studebaker|Avanti|46276|Frans Drew-Clifton
301|Porsche|Cayenne|69186|Birch Shatliff
301|Porsche|Cayenne|69186|Basilio Gecks
304|Kia|Rio|62521|Ike Bambury
305|Subaru|Forester|96350|Foster Crenage
305|Subaru|Forester|96350|Emlyn holmes
306|Buick|Park Avenue|16418|Isabella Wehnerr
310|Volkswagen|Scirocco|63498|Elonore Kenshole
310|Volkswagen|Scirocco|63498|Rowen Windibank
310|Volkswagen|Scirocco|63498|Lilli Boagey
314|Audi|V8|23398|Hashim Spurling
314|Audi|V8|23398|Aveline Liell
317|Jeep|Wrangler|33954|Mel Laurencot
317|Jeep|Wrangler|33954|Matti Tibalt
318|Dodge|Ram Van 2500|96928|Feliks Piser
319|Volkswagen|Golf|95672|Olly Hanham
321|Nissan|240SX|80462|Irvine Birckmann
325|Saturn|VUE|47336|Vick Bilbrook
327|Audi|S8|63081|Guilbert Cowderoy
328|Mazda|MX-6|89452|Angy Lidington
332|Infiniti|G|99249|Sheff Neiland
333|Infiniti|G|49927|Peria Rudgard
337|Saturn|S-Series|31087|Jedd Stapleton
338|Mitsubishi|Galant|48168|Kathi Leggett
342|Hyundai|XG350|74895|Melantha Sinton
344|Alfa Romeo|164|95651|Siouxie Bateson
345|Ford|Econoline E250|71989|Carine Etienne
346|Chevrolet|3500|75387|Tasha Berre
347|Hyundai|Veracruz|58085|Elsinore Opfer
349|Mercedes-Benz|SL-Class|43465|Angelique Cisar
353|Scion|xA|84021|Flor Baroche
353|Scion|xA|84021|Catherin Accum
356|Chevrolet|Express 3500|87294|Thatch Busen
358|Lincoln|Continental|67358|Eugene Fabry
364|Pontiac|Grand Prix|43225|Karleen Simonsen
365|Chevrolet|Malibu|32493|Helenka Barnicott
366|Jaguar|XK Series|41185|Niccolo Mulhall
368|Chrysler|Concorde|23697|Hettie Devil
369|Mitsubishi|3000GT|97862|Thurstan O'Reagan
371|BMW|325|10114|Jerrome Cartmale
372|Isuzu|Rodeo|57659|Antoni Perllman
372|Isuzu|Rodeo|57659|Fredric MacSween
376|Pontiac|6000|48307|Peyter Clover
380|Toyota|Corolla|72502|Jacinthe Coleiro
380|Toyota|Corolla|72502|Aubree Eplate
383|Mazda|Miata MX-5|77962|Harlin Tolussi
383|Mazda|Miata MX-5|77962|Forrester Gulvin
383|Mazda|Miata MX-5|77962|Adah Champagne
386|Ford|F350|48054|Artair Van Merwe
388|Porsche|911|96736|Georgy Frunks
389|GMC|Rally Wagon 1500|34028|Maighdiln Coulter
389|GMC|Rally Wagon 1500|34028|Kate Flexman
392|Buick|Verano|17811|Early Divver
392|Buick|Verano|17811|Louise Lamonby
395|Buick|LeSabre|88769|Wood Collip
397|Dodge|Ram 1500|27206|Fionnula Skunes
399|Plymouth|Sundance|23933|Holt Gibby
399|Plymouth|Sundance|23933|Garrot Mars
401|Chevrolet|Silverado 1500|90951|Charline Lawland
405|Hyundai|Azera|54386|Felizio Gershom
406|Ford|E350|90030|Jeffry Kirvell
408|Ford|F150|34239|Natala Gramer
409|Dodge|Grand Caravan|45289|Jessey Biggerdike
413|GMC|Vandura 1500|64449|Field Manchester
415|Mitsubishi|Mirage|33937|Dru Gollop
416|Pontiac|Solstice|29839|Marcellus Waring
418|Chrysler|300|47326|Adham Farington
424|Lincoln|LS|38712|Farr Monckton
427|Chevrolet|Colorado|82155|Bevan Sergent
427|Chevrolet|Colorado|82155|Sal Biss
428|Mazda|929|82672|Evie Brobak
429|Dodge|D150|93414|Antonia Goodread
433|Chevrolet|Suburban 2500|39176|Augustina Eaves
436|Kia|Rio|58299|Berkeley Fitzroy
436|Kia|Rio|58299|Marsha Brannigan
441|Porsche|Boxster|68044|Petronella Furmston
444|Ford|Ranger|18363|Averell Geffinger
446|Subaru|B9 Tribeca|71140|Brendan Jaggli
452|Toyota|Prius Plug-in Hybrid|90631|Giffer Finnis
454|Hyundai|Santa Fe|65265|Pamela Uzzell
455|Dodge|Dakota|57195|Shelton Garrood
455|Dodge|Dakota|57195|Aldric Seres
459|Audi|Quattro|49418|Ivette Roseman
461|BMW|7 Series|47733|Josephina Marcinkowski
461|BMW|7 Series|47733|Britt Hambribe
462|Honda|Civic|36590|Guinna Agdahl
463|Kia|Amanti|39736|Irvine Buckerfield
463|Kia|Amanti|39736|Tirrell Imrie
464|BMW|530|31245|Erasmus Dunrige
465|Toyota|Tercel|93418|Shannon Abriani
466|Audi|5000S|79521|Aidan Klesel
467|GMC|Envoy|26916|Vivienne Mohammed
468|GMC|Sierra 2500|13694|Huntley Chess
478|GMC|Sierra 2500|41412|Celinka Dekeyser
483|GMC|Canyon|70294|Griffith Leyman
483|GMC|Canyon|70294|Harlen Duffie
487|Lincoln|MKS|10300|Renate Lorence
489|Hyundai|Sonata|28421|Jaime Thorn
489|Hyundai|Sonata|28421|Glenn Ghio
494|Infiniti|FX|67409|Kip Fynn
496|Volvo|S40|66425|Torrance McCarrison
500|Cadillac|Fleetwood|71638|Chet Wrist
502|Chevrolet|Blazer|31900|Kilian Tutchings
504|Mercedes-Benz|C-Class|24119|Danell ducarme
511|Infiniti|G|70443|Philis Hubbuck
513|Ford|Econoline E250|70387|Anatole Adolfsen
514|Audi|4000CS Quattro|98800|Maxwell Treneer
515|Mercury|Tracer|68135|Orville Mole
516|Suzuki|Swift|19420|Lou Toor
516|Suzuki|Swift|19420|Klara Stopper
516|Suzuki|Swift|19420|Ned Pennuzzi
516|Suzuki|Swift|19420|Deidre Maffy
516|Suzuki|Swift|19420|Viole Eales
518|Toyota|Celica|79626|Carlotta McCrow
519|Ford|Aerostar|28448|Sindee Issit
521|Ford|Taurus|54773|Halimeda Hubane
522|Chevrolet|S10|95039|Carrissa Delhay
523|Dodge|Dakota|11293|Dexter Yvon
524|Toyota|Tundra|76101|Sheena Natalie
526|Toyota|Camry Hybrid|93795|Berry Bussey
530|Buick|Riviera|30137|Maddi Ridpath
530|Buick|Riviera|30137|Nickolas Fendley
535|Kia|Amanti|67925|Wilek Domke
536|Honda|Passport|32872|Kettie Depka
537|Dodge|Ram Wagon B350|29250|Waylan Rimmer
537|Dodge|Ram Wagon B350|29250|Illa Heber
538|Mercury|Cougar|38172|Manny McMenamin
544|GMC|Canyon|34922|Joye Danaher
548|Kia|Sorento|67855|Tammara Bollans
549|Ford|Taurus|93665|Sybila Gedney
549|Ford|Taurus|93665|Gibb Ordish
550|Bugatti|Veyron|34878|Rena Witherden
550|Bugatti|Veyron|34878|Nowell Brunel
551|Ford|F350|63151|Irving Prevett
551|Ford|F350|63151|Jerrylee Finnes
551|Ford|F350|63151|Jeniffer Cluff
552|Nissan|Maxima|92715|Prent Klemps
556|Chevrolet|2500|97807|Garvy Summerly
556|Chevrolet|2500|97807|Curt Brandi
557|GMC|Savana 3500|40125|Juliana Growcock
562|Toyota|Tacoma Xtra|14091|Anya Kausche
564|Ford|Thunderbird|63108|Melessa Dedden
565|Audi|A3|33491|Wallache Lochet
566|Volvo|S40|57087|Sonnnie Kellock
567|Hyundai|Sonata|50264|Dani Cornelisse
571|Infiniti|QX56|37757|Rora Thys
572|GMC|Savana 3500|64504|Shea Gendrich
573|Chevrolet|Silverado|18088|Ellswerth Channer
575|Porsche|Cayman|90478|Aleta Pawelczyk
576|Lincoln|Navigator|92505|Drusy Galton
577|BMW|M6|64736|Warde Stainson
580|Ford|F150|31054|Conrado Dowall
582|Jeep|Compass|16267|Henrieta Brixey
586|Lexus|GX|52559|Joanne Boame
590|Dodge|Caravan|75172|Lodovico Coult
596|Mercedes-Benz|C-Class|41217|Eberhard Threadgill
599|Lincoln|Continental|81242|Nancey Tow
601|Pontiac|LeMans|58007|Orel Stonard
608|Oldsmobile|98|93550|Fowler Van Der Straaten
610|Dodge|Viper|81400|Eva Mettrick
611|Acura|RDX|12563|Brannon Gibbonson
611|Acura|RDX|12563|Eleanor Roake
612|Pontiac|Turbo Firefly|11944|Broderic Ditt
613|Ford|Focus|79017|Herold Iwanowski
614|Jeep|Wrangler|78738|Sheree Meece
614|Jeep|Wrangler|78738|Daffi Essel
622|Lotus|Esprit|69950|Patty Duffield
633|Audi|Allroad|66208|Allin Foxen
634|Mazda|Tribute|87889|Herschel Isard
635|Saturn|Outlook|75831|Lorena Kupis
636|Lincoln|Continental|49852|Joan Troyes
638|BMW|M3|73446|Rosana Gunn
639|Plymouth|Voyager|47271|Rossy Chatin
639|Plymouth|Voyager|47271|Walt Sterte
642|Mercedes-Benz|SL-Class|52325|Rafaellle Crossgrove
648|Ford|Probe|98149|Amargo Nourse
649|Ford|Focus|59725|Willie Procter
651|Pontiac|Firebird|98838|Ginnie O'Hone
657|Volvo|XC70|70559|Kliment Elis
657|Volvo|XC70|70559|Carline Skurm
659|Mercury|Mountaineer|47543|Darius Marvell
662|Lexus|LX|93030|Brenden Tomczynski
664|Chevrolet|Silverado 1500|73290|Tobie Crichten
664|Chevrolet|Silverado 1500|73290|Alfred Dmisek
665|Buick|Lucerne|71568|Sammie Fields
670|Chrysler|Sebring|59938|Scarface Carbett
671|Honda|S2000|55621|Hieronymus Gogin
673|Chrysler|LHS|14852|Gaylord Waldron
673|Chrysler|LHS|14852|Lindsey Spurrior
674|Toyota|Tercel|35956|Jelene Lathee
676|Ford|F250|23927|Sosanna Rayment
680|Volvo|V40|58015|Belle Antal
680|Volvo|V40|58015|Garvin Redhills
681|Audi|A4|56930|Billi Heskin
681|Audi|A4|56930|Stephani O'Reilly
686|Ram|C/V|54216|Rafi Boddington
688|Pontiac|GTO|22847|Delmar Roj
696|Toyota|4Runner|67142|Nara Gravells
696|Toyota|4Runner|67142|Cordy Rosenzveig
703|Isuzu|i-290|55178|Evelyn Mont
706|Mazda|Mazdaspeed 3|49817|Husein Fonzo
718|Buick|Terraza|28422|Roderic Ouldred
719|Mitsubishi|Eclipse|69303|Sile Guillotin
720|Mazda|B-Series|85351|Evey Kohrsen
722|Mercury|Grand Marquis|59700|Paula Fernley
723|Pontiac|Bonneville|57083|Danila Ternouth
725|Buick|Park Avenue|48815|Yoshi Schumacher
726|Ford|Taurus|56764|Ramona Goolden
729|Nissan|Maxima|89231|Damara Pundy
730|Ford|Ranger|18381|Lilas Owbrick
732|Mazda|Mazdaspeed 3|24318|Joshua Snap
733|BMW|5 Series|81274|Coralyn Butterly
733|BMW|5 Series|81274|Eduardo Hamm
736|Mercedes-Benz|400SE|87898|Charmine Lowdeane
738|Ford|Ranger|75837|Jeddy Taillant
738|Ford|Ranger|75837|Alex Sulley
739|Mazda|B-Series Plus|82728|Dalenna Hurl
744|Dodge|Dakota|86229|Svend Gunbie
744|Dodge|Dakota|86229|Rhiamon Slinger
744|Dodge|Dakota|86229|Conrad McQuorkel
745|Nissan|240SX|89908|Graehme Erb
747|Pontiac|Grand Prix|20413|Chad Pharoah
749|Volvo|S60|94651|Elfrida McVaugh
749|Volvo|S60|94651|Francis Thornton
750|Lincoln|Aviator|17753|Mikol Shetliff
751|Buick|Skylark|96694|Horatius Polak
753|Lincoln|MKT|36550|Catrina Jost
755|BMW|6 Series|75650|Alexandre Ketteringham
758|Jaguar|XK Series|57311|Hildy Hastings
759|Ford|Crown Victoria|44412|Constancia Lello
761|Ford|E-Series|42037|Brandice Wilcox
765|Mercedes-Benz|GL-Class|60416|Nita Koppe
767|Toyota|RAV4|21961|Mirelle Feldberger
768|Dodge|Ram Van 2500|87580|Maryellen Errington
769|Cadillac|Escalade EXT|21994|Pat Dincey
770|Ferrari|F430|44807|Lucian Cuphus
770|Ferrari|F430|44807|Emelen Daville
773|Jeep|Grand Cherokee|88147|Fidela O'Dea
775|Mazda|RX-8|88066|Whitman Scouller
776|Oldsmobile|Achieva|75451|Jennilee Firebrace
776|Oldsmobile|Achieva|75451|Davey Skynner
778|Suzuki|Daewoo Magnus|50168|Georgina Pentony
778|Suzuki|Daewoo Magnus|50168|Fairlie Brayne
780|Chevrolet|3500|88323|Joane Sterry
781|GMC|Suburban 2500|47923|Merissa Holdall
781|GMC|Suburban 2500|47923|Bastian Fraczkiewicz
781|GMC|Suburban 2500|47923|Fidelio Roll
781|GMC|Suburban 2500|47923|Kimbra Freddi
782|Suzuki|Kizashi|40053|Nolan Castana
784|Ford|Tempo|47666|Rockwell Goodwell
787|Mazda|B-Series|10890|Abrahan Sothcott
787|Mazda|B-Series|10890|Novelia Walliker
789|Infiniti|I|44533|Mohandis Papis
792|Toyota|Camry|78273|Aloysia Kinneir
792|Toyota|Camry|78273|Erskine Waller
796|Lexus|SC|32955|Jorie Jarrelt
796|Lexus|SC|32955|Anastassia Keningham
796|Lexus|SC|32955|Abbey Hanniger
797|Pontiac|Parisienne|34434|Westbrooke Dunlop
799|Dodge|Ram Van B250|55553|Duke Wintersgill
808|Mazda|MPV|60613|Wendell Spurrett
809|Ford|Tempo|14566|Bear Ligerton
811|Chevrolet|Impala|10362|Thorsten Mora
813|Volkswagen|Cabriolet|36089|Jeanelle Tye
814|Ford|F150|61630|Nana MacCurley
814|Ford|F150|61630|Dagmar Garett
816|Pontiac|LeMans|87211|Suzette Caspell
818|Ford|F150|99789|Giacinta Physick
819|Jaguar|XJ Series|32884|Kelcey Jamblin
819|Jaguar|XJ Series|32884|Bo Champney
822|Suzuki|Daewoo Lacetti|15634|Reggie Hallowes
827|Honda|CR-V|32491|Troy Pinkney
832|Volvo|850|44385|Garrot Cockney
833|Nissan|Pathfinder|11319|Blakeley Waite
833|Nissan|Pathfinder|11319|Alick Drinkeld
835|Honda|Odyssey|68714|Debi Borland
835|Honda|Odyssey|68714|Domenico Fishly
836|Toyota|Corolla|81397|Feliks Blanden
839|Mercedes-Benz|SLR McLaren|35134|Jaimie Bern
843|Mazda|CX-9|41632|Pryce Jay
844|Mitsubishi|Eclipse|72326|Lovell Pawlata
846|Hummer|H1|69739|Joya Stanway
847|Jaguar|XJ|44174|Sly Sodo
849|Honda|Fit|10936|Waverley Meugens
856|GMC|Envoy|55233|Silvan Smurfit
857|Honda|Accord|73368|Erastus Foister
860|Lexus|GS|84377|Vickie Ragate
863|Pontiac|G3|76293|Dorene Brisco
864|Ford|F150|69044|Rosamund Stennings
865|Scion|xD|35064|Dallis Kubicki
867|Bentley|Azure T|35390|Keene Bussey
869|Mitsubishi|Challenger|86058|Suellen Pennyman
869|Mitsubishi|Challenger|86058|Dorry Balshaw
876|Saturn|Ion|73499|Darbie Krochmann
879|Toyota|Tacoma Xtra|56787|Marilee Cokely
879|Toyota|Tacoma Xtra|56787|Freddie Kiffe
885|Plymouth|Voyager|36674|Kattie Muckart
886|Volvo|C70|12346|Aldis Costerd
886|Volvo|C70|12346|Piggy Arents
892|Scion|xD|36126|Gardener Ropartz
893|Audi|4000CS Quattro|31334|Pincus Gasperi
895|Mercury|Tracer|51977|Brandie Murford
897|Kia|Sedona|32413|Ofella Jerman
900|Mitsubishi|Challenger|70679|Devlen Pilbury
901|Buick|LeSabre|86603|Biddy Reynard
903|Ford|Econoline E350|56387|Eimile Headrick
904|Mitsubishi|Lancer|77410|Megen Whelpton
905|Mercedes-Benz|C-Class|15102|Heather Deeney
905|Mercedes-Benz|C-Class|15102|Obie Thomke
908|GMC|2500 Club Coupe|40116|Rochell Powlesland
909|Hyundai|Azera|17859|Tony Gilogly
909|Hyundai|Azera|17859|Hymie Mixture
918|Toyota|Avalon|60626|Sindee Ramas
924|Ford|Econoline E150|12441|Dara Jeacop
925|Saab|9-5|87099|Brose Gallandre
929|Suzuki|Grand Vitara|70399|Jacintha Verrechia
929|Suzuki|Grand Vitara|70399|Gennifer Knyvett
930|Pontiac|Sunfire|73641|Alexandrina Barter
931|GMC|Yukon XL 1500|23637|Tandie Bottinelli
931|GMC|Yukon XL 1500|23637|Murvyn Capes
932|Saturn|S-Series|95936|Hebert Bennit
935|Porsche|944|34792|Gaspar Paddick
939|Honda|S2000|83777|Roderick Lennard
939|Honda|S2000|83777|Gwen Congdon
942|Chrysler|Sebring|94651|Shanta Krebs
943|Dodge|Ram Wagon B150|13910|Der Willmott
943|Dodge|Ram Wagon B150|13910|Reynolds Margarson
945|BMW|M6|81576|Darren Treadway
946|Austin|Mini|27984|Sisely Lorne
946|Austin|Mini|27984|Dido Knok
949|Chrysler|Sebring|40240|Danya Wigzell
951|Mercedes-Benz|GL-Class|63537|Clerissa Grimbaldeston
951|Mercedes-Benz|GL-Class|63537|Alidia Leeming
958|Chrysler|Crossfire Roadster|70702|Katherina Houseman
961|Audi|TT|31940|Kessia Marousek
963|Mazda|B-Series Plus|49837|Muhammad Ablett
967|Toyota|Tundra|93849|Verney Spurdon
968|Lexus|GX|40652|Andra Woller
969|Mazda|CX-9|69041|Worthington Boulde
974|Mercedes-Benz|S-Class|77132|Marty Yemm
976|Saab|9-5|84187|Hugo Criag
976|Saab|9-5|84187|Janela Aggis
977|BMW|M|28767|Howie Reece
977|BMW|M|28767|Burr Setford
978|Mercedes-Benz|SLR McLaren|58358|Gawain Maden
982|Subaru|XT|85947|Mozelle MacCollom
990|Aston Martin|V8 Vantage|16390|Kevina Madill
994|Isuzu|Rodeo|87202|Tarra Miskin
995|Infiniti|QX|94262|Avie Luipold
995|Infiniti|QX|94262|Christina Downing
996|Toyota|Sequoia|66410|Clari Franceschelli
996|Toyota|Sequoia|66410|Nancee Ardling
