integer-1,varchar-24
577,Warde Stainson
134,Antonius Rolinson
69,Horatio Damiral
273,Mark Carrane
468,Huntley Chess
406,Jeffry Kirvell
175,Dannie Petel
108,Roderic Sweeting
275,Laural Densie
573,Ellswerth Channer
995,Avie Luipold
157,Felicity Cogan
613,Herold Iwanowski
681,Stephani O'Reilly
353,Flor Baroche
885,Kattie Muckart
680,Belle Antal
530,Nickolas Fendley
860,Vickie Ragate
288,Sampson Lauridsen
48,Bealle McAllen
172,Ainslie Hollingsby
436,Berkeley Fitzroy
522,Carrissa Delhay
454,Pamela Uzzell
639,Walt Sterte
846,Joya Stanway
519,Sindee Issit
673,Lindsey Spurrior
686,Rafi Boddington
148,Redd Burgen
153,Sula Bodley
869,Suellen Pennyman
782,Nolan Castana
164,Teador Skelbeck
867,Keene Bussey
82,Jackquelin Hemms
310,Lilli Boagey
549,Gibb Ordish
441,Petronella Furmston
765,Nita Koppe
614,Sheree Meece
455,Shelton Garrood
778,Georgina Pentony
266,Rosabel Graeme
567,Dani Cornelisse
799,Duke Wintersgill
586,Joanne Boame
365,Helenka Barnicott
814,Dagmar Garett
696,Nara Gravells
738,Jeddy Taillant
893,Pincus Gasperi
703,Evelyn Mont
582,Henrieta Brixey
258,Lusa Pawlyn
608,Fowler Van Der Straaten
489,Jaime Thorn
366,Niccolo Mulhall
843,Pryce Jay
261,Allene Momery
388,Georgy Frunks
725,Yoshi Schumacher
333,Peria Rudgard
338,Kathi Leggett
232,Mehetabel Devericks
976,Janela Aggis
995,Christina Downing
372,Fredric MacSween
657,Kliment Elis
827,Troy Pinkney
31,Annissa Lieb
931,Tandie Bottinelli
736,Charmine Lowdeane
395,Wood Collip
368,Hettie Devil
516,Lou Toor
163,Verene Siggs
301,Basilio Gecks
797,Westbrooke Dunlop
832,Garrot Cockney
611,Brannon Gibbonson
327,Guilbert Cowderoy
97,Patsy Klesel
680,Garvin Redhills
427,Bevan Sergent
909,Hymie Mixture
726,Ramona Goolden
516,Ned Pennuzzi
288,Jessika Duffy
773,Fidela O'Dea
418,Adham Farington
538,Manny McMenamin
550,Nowell Brunel
739,Dalenna Hurl
571,Rora Thys
279,Douglas Gilbane
729,Damara Pundy
865,Dallis Kubicki
835,Debi Borland
781,Kimbra Freddi
109,Carley Ewings
221,Quintana Taill
580,Conrado Dowall
263,Tommy Woofinden
483,Harlen Duffie
664,Alfred Dmisek
408,Natala Gramer
87,Abagael McKane
749,Elfrida McVaugh
537,Waylan Rimmer
358,Eugene Fabry
159,Marylou McIvor
886,Aldis Costerd
91,Brande Sikora
819,Bo Champney
268,Bab Antonsson
951,Alidia Leeming
44,Valentijn Cropton
4,Van Marley
62,Crin Veitch
268,Valma Sempill
864,Rosamund Stennings
133,Lionello Zoren
242,Clayborn Pauluzzi
461,Britt Hambribe
967,Verney Spurdon
10,Daveta Jorden
744,Conrad McQuorkel
792,Aloysia Kinneir
467,Vivienne Mohammed
197,Claire Ivanuschka
556,Curt Brandi
461,Josephina Marcinkowski
918,Sindee Ramas
305,Emlyn holmes
696,Cordy Rosenzveig
611,Eleanor Roake
142,Mab Raiker
452,Giffer Finnis
178,Amalle Twomey
133,Brewer Hattoe
261,Alyda Syrad
287,Lucian Gostick
415,Dru Gollop
277,Sawyere Ragot
634,Herschel Isard
780,Joane Sterry
722,Paula Fernley
863,Dorene Brisco
835,Domenico Fishly
671,Hieronymus Gogin
155,Maxy Chidgey
516,Klara Stopper
56,Giustina Blakemore
305,Foster Crenage
107,Thurstan Farra
433,Augustina Eaves
636,Joan Troyes
107,Felicle Spurriar
833,Blakeley Waite
195,Ebeneser Patkin
536,Kettie Depka
139,Elissa Cake
310,Elonore Kenshole
200,Trevor Nussey
243,Debbi Taggert
306,Isabella Wehnerr
903,Eimile Headrick
380,Aubree Eplate
813,Jeanelle Tye
576,Drusy Galton
809,Bear Ligerton
82,Jeffie Hedger
664,Tobie Crichten
564,Melessa Dedden
389,Maighdiln Coulter
720,Evey Kohrsen
758,Hildy Hastings
642,Rafaellle Crossgrove
968,Andra Woller
665,Sammie Fields
761,Brandice Wilcox
996,Nancee Ardling
836,Feliks Blanden
769,Pat Dincey
427,Sal Biss
504,Danell ducarme
332,Sheff Neiland
796,Jorie Jarrelt
946,Dido Knok
271,Tabitha Gate
556,Garvy Summerly
768,Maryellen Errington
551,Jerrylee Finnes
908,Rochell Powlesland
744,Svend Gunbie
670,Scarface Carbett
929,Gennifer Knyvett
108,Roxine Maldin
676,Sosanna Rayment
566,Sonnnie Kellock
897,Ofella Jerman
3,Sallie Chamberlin
279,Hatty Gittis
732,Joshua Snap
844,Lovell Pawlata
167,Elfreda Sherborne
674,Jelene Lathee
63,Fonz Fargie
383,Adah Champagne
344,Siouxie Bateson
811,Thorsten Mora
747,Chad Pharoah
119,Meggy De Paoli
487,Renate Lorence
639,Rossy Chatin
521,Halimeda Hubane
770,Lucian Cuphus
530,Maddi Ridpath
901,Biddy Reynard
369,Thurstan O'Reagan
133,Zita Neaves
776,Jennilee Firebrace
187,Catha Zupone
759,Constancia Lello
317,Mel Laurencot
749,Francis Thornton
549,Sybila Gedney
149,Roselin Tanman
651,Ginnie O'Hone
544,Joye Danaher
37,Becca Priddey
127,Abby Narup
409,Jessey Biggerdike
462,Guinna Agdahl
321,Irvine Birckmann
657,Carline Skurm
659,Darius Marvell
106,Bertie Coppen
182,Hodge McCusker
455,Aldric Seres
424,Farr Monckton
537,Illa Heber
342,Melantha Sinton
463,Irvine Buckerfield
397,Fionnula Skunes
126,Doralin Harrington
518,Carlotta McCrow
300,Frans Drew-Clifton
610,Eva Mettrick
909,Tony Gilogly
128,Blakelee Kingaby
466,Aidan Klesel
23,Shana Hane
386,Artair Van Merwe
389,Kate Flexman
723,Danila Ternouth
294,Vanni Fusco
59,Jaime Wennam
494,Kip Fynn
905,Obie Thomke
857,Erastus Foister
969,Worthington Boulde
978,Gawain Maden
121,Lydia Ioan
814,Nana MacCurley
931,Murvyn Capes
126,Lionel Coogan
132,Eal Ransfield
399,Holt Gibby
17,Theodoric Whiteoak
535,Wilek Domke
935,Gaspar Paddick
751,Horatius Polak
314,Hashim Spurling
347,Elsinore Opfer
513,Anatole Adolfsen
633,Allin Foxen
108,Dulcine Kohrding
284,Celestine Pain
706,Husein Fonzo
781,Merissa Holdall
87,Norton Iacovo
590,Lodovico Coult
516,Viole Eales
550,Rena Witherden
353,Catherin Accum
254,Van Droghan
188,Ameline Minelli
562,Anya Kausche
463,Tirrell Imrie
977,Howie Reece
924,Dara Jeacop
292,Wernher Stidston
599,Nancey Tow
229,Gaylord Corse
511,Philis Hubbuck
784,Rockwell Goodwell
673,Gaylord Waldron
945,Darren Treadway
392,Early Divver
719,Sile Guillotin
325,Vick Bilbrook
963,Muhammad Ablett
958,Katherina Houseman
208,Noel Sammes
212,Tania Ravenhill
770,Emelen Daville
248,Stoddard Quartley
977,Burr Setford
733,Eduardo Hamm
119,Andria Haly
337,Jedd Stapleton
839,Jaimie Bern
33,Austin Hatchell
413,Field Manchester
895,Brandie Murford
270,Mariam Bragge
83,Pegeen Burrell
516,Deidre Maffy
237,Geralda Logie
551,Jeniffer Cluff
930,Alexandrina Barter
943,Reynolds Margarson
193,Jessie Haverson
489,Glenn Ghio
147,Starlin Colomb
318,Feliks Piser
380,Jacinthe Coleiro
104,Arlen Debow
622,Patty Duffield
789,Mohandis Papis
575,Aleta Pawelczyk
974,Marty Yemm
483,Griffith Leyman
349,Angelique Cisar
796,Anastassia Keningham
260,Deedee McKellar
224,Curr Ivasechko
208,Gabie Greaser
892,Gardener Ropartz
262,Bobby Gready
226,Florette Payn
346,Tasha Berre
496,Torrance McCarrison
21,Amie Iacovacci
8,Loleta Shearmur
612,Broderic Ditt
775,Whitman Scouller
996,Clari Franceschelli
301,Birch Shatliff
905,Heather Deeney
949,Danya Wigzell
356,Thatch Busen
738,Alex Sulley
796,Abbey Hanniger
188,Morten Nelles
753,Catrina Jost
45,Idalina Ingamells
565,Wallache Lochet
856,Silvan Smurfit
515,Orville Mole
144,Lenka Abramovici
614,Daffi Essel
833,Alick Drinkeld
310,Rowen Windibank
879,Marilee Cokely
552,Prent Klemps
572,Shea Gendrich
244,Romain Ducker
548,Tammara Bollans
750,Mikol Shetliff
781,Fidelio Roll
383,Forrester Gulvin
250,Peyton Huonic
876,Darbie Krochmann
745,Graehme Erb
500,Chet Wrist
252,Garfield Tidball
119,Gerrie Hazzard
976,Hugo Criag
34,Weider Sturgis
169,Dal Longson
781,Bastian Fraczkiewicz
405,Felizio Gershom
925,Brose Gallandre
787,Novelia Walliker
524,Sheena Natalie
601,Orel Stonard
596,Eberhard Threadgill
900,Devlen Pilbury
526,Berry Bussey
886,Piggy Arents
181,Maddalena Meneux
816,Suzette Caspell
383,Harlin Tolussi
207,Michaela Manning
99,Jemie Mottram
429,Antonia Goodread
238,Tamma Veque
372,Antoni Perllman
942,Shanta Krebs
163,Kassey Jansens
26,Shem Pistol
662,Brenden Tomczynski
744,Rhiamon Slinger
730,Lilas Owbrick
172,Dorolisa Jenkins
273,Rachelle Geroldi
296,Bancroft Shutt
929,Jacintha Verrechia
147,Marinna Mogford
869,Dorry Balshaw
364,Karleen Simonsen
767,Mirelle Feldberger
213,Heddi de Broke
982,Mozelle MacCollom
216,Farra Blannin
465,Shannon Abriani
818,Giacinta Physick
946,Sisely Lorne
778,Fairlie Brayne
265,Hamnet Donaway
648,Amargo Nourse
78,Sallee Stronghill
557,Juliana Growcock
52,Willyt Schwandermann
649,Willie Procter
551,Irving Prevett
317,Matti Tibalt
635,Lorena Kupis
436,Marsha Brannigan
314,Aveline Liell
224,Lucita Arton
502,Kilian Tutchings
961,Kessia Marousek
205,Harmonia Minihane
192,Diarmid McCandless
792,Erskine Waller
175,Suzie Wogden
879,Freddie Kiffe
459,Ivette Roseman
822,Reggie Hallowes
994,Tarra Miskin
733,Coralyn Butterly
173,Lise Flecknoe
23,Agathe Stormonth
523,Dexter Yvon
514,Maxwell Treneer
328,Angy Lidington
464,Erasmus Dunrige
819,Kelcey Jamblin
446,Brendan Jaggli
849,Waverley Meugens
228,Aaren Rittmeier
638,Rosana Gunn
943,Der Willmott
144,Durand Trye
990,Kevina Madill
130,Aida Filpo
932,Hebert Bennit
681,Billi Heskin
376,Peyter Clover
253,Gaspard Sanzio
126,Kial Letham
186,Oneida Berge
808,Wendell Spurrett
718,Roderic Ouldred
392,Louise Lamonby
304,Ike Bambury
63,Tamra Tytterton
319,Olly Hanham
688,Delmar Roj
19,Georgia Ovenell
904,Megen Whelpton
371,Jerrome Cartmale
428,Evie Brobak
221,Daisie Caley
776,Davey Skynner
847,Sly Sodo
39,Cicily Kiddy
175,Hetti Normaville
399,Garrot Mars
178,Ringo Niven
755,Alexandre Ketteringham
444,Averell Geffinger
416,Marcellus Waring
787,Abrahan Sothcott
142,Izaak Golland
128,Malissia Byham
939,Roderick Lennard
345,Carine Etienne
96,Kahaleel Kneeland
478,Celinka Dekeyser
401,Charline Lawland
90,De witt Crank
939,Gwen Congdon
44,Forest Franzotto
951,Clerissa Grimbaldeston
