integer-1,null-1,varchar-24
3,,Sallie Chamberlin
4,,Van Marley
8,,Loleta Shearmur
10,,Daveta Jorden
17,,Theodoric Whiteoak
19,,Georgia Ovenell
21,,Amie Iacovacci
23,,Agathe Stormonth
23,,Shana Hane
26,,Shem Pistol
31,,Annissa Lieb
33,,Austin Hatchell
34,,Weider Sturgis
37,,Becca Priddey
39,,Cicily Kiddy
44,,Valentijn Cropton
44,,Forest Franzotto
45,,Idalina Ingamells
48,,Bealle McAllen
52,,Willyt Schwandermann
56,,Giustina Blakemore
59,,Jaime Wennam
62,,Crin Veitch
63,,Fonz Fargie
63,,Tamra Tytterton
69,,Horatio Damiral
78,,Sallee Stronghill
82,,Jeffie Hedger
82,,Jackquelin Hemms
83,,Pegeen Burrell
87,,Abagael McKane
87,,Norton Iacovo
90,,De witt Crank
91,,Brande Sikora
96,,Kahaleel Kneeland
97,,Patsy Klesel
99,,Jemie Mottram
104,,Arlen Debow
106,,Bertie Coppen
107,,Thurstan Farra
107,,Felicle Spurriar
108,,Roxine Maldin
108,,Roderic Sweeting
108,,Dulcine Kohrding
109,,Carley Ewings
119,,Andria Haly
119,,Meggy De Paoli
119,,Gerrie Hazzard
121,,Lydia Ioan
126,,Lionel Coogan
126,,Kial Letham
126,,Doralin Harrington
127,,Abby Narup
128,,Blakelee Kingaby
128,,Malissia Byham
130,,Aida Filpo
132,,Eal Ransfield
133,,Lionello Zoren
133,,Brewer Hattoe
133,,Zita Neaves
134,,Antonius Rolinson
139,,Elissa Cake
142,,Izaak Golland
142,,Mab Raiker
144,,Lenka Abramovici
144,,Durand Trye
147,,Starlin Colomb
147,,Marinna Mogford
148,,Redd Burgen
149,,Roselin Tanman
153,,Sula Bodley
155,,Maxy Chidgey
157,,Felicity Cogan
159,,Marylou McIvor
163,,Kassey Jansens
163,,Verene Siggs
164,,Teador Skelbeck
167,,Elfreda Sherborne
169,,Dal Longson
172,,Ainslie Hollingsby
172,,Dorolisa Jenkins
173,,Lise Flecknoe
175,,Suzie Wogden
175,,Hetti Normaville
175,,Dannie Petel
178,,Ringo Niven
178,,Amalle Twomey
181,,Maddalena Meneux
182,,Hodge McCusker
186,,Oneida Berge
187,,Catha Zupone
188,,Ameline Minelli
188,,Morten Nelles
192,,Diarmid McCandless
193,,Jessie Haverson
195,,Ebeneser Patkin
197,,Claire Ivanuschka
200,,Trevor Nussey
205,,Harmonia Minihane
207,,Michaela Manning
208,,Gabie Greaser
208,,Noel Sammes
212,,Tania Ravenhill
213,,Heddi de Broke
216,,Farra Blannin
221,,Daisie Caley
221,,Quintana Taill
224,,Curr Ivasechko
224,,Lucita Arton
226,,Florette Payn
228,,Aaren Rittmeier
229,,Gaylord Corse
232,,Mehetabel Devericks
237,,Geralda Logie
238,,Tamma Veque
242,,Clayborn Pauluzzi
243,,Debbi Taggert
244,,Romain Ducker
248,,Stoddard Quartley
250,,Peyton Huonic
252,,Garfield Tidball
253,,Gaspard Sanzio
254,,Van Droghan
258,,Lusa Pawlyn
260,,Deedee McKellar
261,,Allene Momery
261,,Alyda Syrad
262,,Bobby Gready
263,,Tommy Woofinden
265,,Hamnet Donaway
266,,Rosabel Graeme
268,,Bab Antonsson
268,,Valma Sempill
270,,Mariam Bragge
271,,Tabitha Gate
273,,Rachelle Geroldi
273,,Mark Carrane
275,,Laural Densie
277,,Sawyere Ragot
279,,Hatty Gittis
279,,Douglas Gilbane
284,,Celestine Pain
287,,Lucian Gostick
288,,Sampson Lauridsen
288,,Jessika Duffy
292,,Wernher Stidston
294,,Vanni Fusco
296,,Bancroft Shutt
300,,Frans Drew-Clifton
301,,Birch Shatliff
301,,Basilio Gecks
304,,Ike Bambury
305,,Foster Crenage
305,,Emlyn holmes
306,,Isabella Wehnerr
310,,Elonore Kenshole
310,,Rowen Windibank
310,,Lilli Boagey
314,,Hashim Spurling
314,,Aveline Liell
317,,Mel Laurencot
317,,Matti Tibalt
318,,Feliks Piser
319,,Olly Hanham
321,,Irvine Birckmann
325,,Vick Bilbrook
327,,Guilbert Cowderoy
328,,Angy Lidington
332,,Sheff Neiland
333,,Peria Rudgard
337,,Jedd Stapleton
338,,Kathi Leggett
342,,Melantha Sinton
344,,Siouxie Bateson
345,,Carine Etienne
346,,Tasha Berre
347,,Elsinore Opfer
349,,Angelique Cisar
353,,Flor Baroche
353,,Catherin Accum
356,,Thatch Busen
358,,Eugene Fabry
364,,Karleen Simonsen
365,,Helenka Barnicott
366,,Niccolo Mulhall
368,,Hettie Devil
369,,Thurstan O'Reagan
371,,Jerrome Cartmale
372,,Antoni Perllman
372,,Fredric MacSween
376,,Peyter Clover
380,,Jacinthe Coleiro
380,,Aubree Eplate
383,,Harlin Tolussi
383,,Forrester Gulvin
383,,Adah Champagne
386,,Artair Van Merwe
388,,Georgy Frunks
389,,Maighdiln Coulter
389,,Kate Flexman
392,,Early Divver
392,,Louise Lamonby
395,,Wood Collip
397,,Fionnula Skunes
399,,Holt Gibby
399,,Garrot Mars
401,,Charline Lawland
405,,Felizio Gershom
406,,Jeffry Kirvell
408,,Natala Gramer
409,,Jessey Biggerdike
413,,Field Manchester
415,,Dru Gollop
416,,Marcellus Waring
418,,Adham Farington
424,,Farr Monckton
427,,Bevan Sergent
427,,Sal Biss
428,,Evie Brobak
429,,Antonia Goodread
433,,Augustina Eaves
436,,Berkeley Fitzroy
436,,Marsha Brannigan
441,,Petronella Furmston
444,,Averell Geffinger
446,,Brendan Jaggli
452,,Giffer Finnis
454,,Pamela Uzzell
455,,Shelton Garrood
455,,Aldric Seres
459,,Ivette Roseman
461,,Josephina Marcinkowski
461,,Britt Hambribe
462,,Guinna Agdahl
463,,Irvine Buckerfield
463,,Tirrell Imrie
464,,Erasmus Dunrige
465,,Shannon Abriani
466,,Aidan Klesel
467,,Vivienne Mohammed
468,,Huntley Chess
478,,Celinka Dekeyser
483,,Griffith Leyman
483,,Harlen Duffie
487,,Renate Lorence
489,,Jaime Thorn
489,,Glenn Ghio
494,,Kip Fynn
496,,Torrance McCarrison
500,,Chet Wrist
502,,Kilian Tutchings
504,,Danell ducarme
511,,Philis Hubbuck
513,,Anatole Adolfsen
514,,Maxwell Treneer
515,,Orville Mole
516,,Lou Toor
516,,Klara Stopper
516,,Ned Pennuzzi
516,,Deidre Maffy
516,,Viole Eales
518,,Carlotta McCrow
519,,Sindee Issit
521,,Halimeda Hubane
522,,Carrissa Delhay
523,,Dexter Yvon
524,,Sheena Natalie
526,,Berry Bussey
530,,Maddi Ridpath
530,,Nickolas Fendley
535,,Wilek Domke
536,,Kettie Depka
537,,Waylan Rimmer
537,,Illa Heber
538,,Manny McMenamin
544,,Joye Danaher
548,,Tammara Bollans
549,,Sybila Gedney
549,,Gibb Ordish
550,,Rena Witherden
550,,Nowell Brunel
551,,Irving Prevett
551,,Jerrylee Finnes
551,,Jeniffer Cluff
552,,Prent Klemps
556,,Garvy Summerly
556,,Curt Brandi
557,,Juliana Growcock
562,,Anya Kausche
564,,Melessa Dedden
565,,Wallache Lochet
566,,Sonnnie Kellock
567,,Dani Cornelisse
571,,Rora Thys
572,,Shea Gendrich
573,,Ellswerth Channer
575,,Aleta Pawelczyk
576,,Drusy Galton
577,,Warde Stainson
580,,Conrado Dowall
582,,Henrieta Brixey
586,,Joanne Boame
590,,Lodovico Coult
596,,Eberhard Threadgill
599,,Nancey Tow
601,,Orel Stonard
608,,Fowler Van Der Straaten
610,,Eva Mettrick
611,,Brannon Gibbonson
611,,Eleanor Roake
612,,Broderic Ditt
613,,Herold Iwanowski
614,,Sheree Meece
614,,Daffi Essel
622,,Patty Duffield
633,,Allin Foxen
634,,Herschel Isard
635,,Lorena Kupis
636,,Joan Troyes
638,,Rosana Gunn
639,,Rossy Chatin
639,,Walt Sterte
642,,Rafaellle Crossgrove
648,,Amargo Nourse
649,,Willie Procter
651,,Ginnie O'Hone
657,,Kliment Elis
657,,Carline Skurm
659,,Darius Marvell
662,,Brenden Tomczynski
664,,Tobie Crichten
664,,Alfred Dmisek
665,,Sammie Fields
670,,Scarface Carbett
671,,Hieronymus Gogin
673,,Gaylord Waldron
673,,Lindsey Spurrior
674,,Jelene Lathee
676,,Sosanna Rayment
680,,Belle Antal
680,,Garvin Redhills
681,,Billi Heskin
681,,Stephani O'Reilly
686,,Rafi Boddington
688,,Delmar Roj
696,,Nara Gravells
696,,Cordy Rosenzveig
703,,Evelyn Mont
706,,Husein Fonzo
718,,Roderic Ouldred
719,,Sile Guillotin
720,,Evey Kohrsen
722,,Paula Fernley
723,,Danila Ternouth
725,,Yoshi Schumacher
726,,Ramona Goolden
729,,Damara Pundy
730,,Lilas Owbrick
732,,Joshua Snap
733,,Coralyn Butterly
733,,Eduardo Hamm
736,,Charmine Lowdeane
738,,Jeddy Taillant
738,,Alex Sulley
739,,Dalenna Hurl
744,,Svend Gunbie
744,,Rhiamon Slinger
744,,Conrad McQuorkel
745,,Graehme Erb
747,,Chad Pharoah
749,,Elfrida McVaugh
749,,Francis Thornton
750,,Mikol Shetliff
751,,Horatius Polak
753,,Catrina Jost
755,,Alexandre Ketteringham
758,,Hildy Hastings
759,,Constancia Lello
761,,Brandice Wilcox
765,,Nita Koppe
767,,Mirelle Feldberger
768,,Maryellen Errington
769,,Pat Dincey
770,,Lucian Cuphus
770,,Emelen Daville
773,,Fidela O'Dea
775,,Whitman Scouller
776,,Jennilee Firebrace
776,,Davey Skynner
778,,Georgina Pentony
778,,Fairlie Brayne
780,,Joane Sterry
781,,Merissa Holdall
781,,Bastian Fraczkiewicz
781,,Fidelio Roll
781,,Kimbra Freddi
782,,Nolan Castana
784,,Rockwell Goodwell
787,,Abrahan Sothcott
787,,Novelia Walliker
789,,Mohandis Papis
792,,Aloysia Kinneir
792,,Erskine Waller
796,,Jorie Jarrelt
796,,Anastassia Keningham
796,,Abbey Hanniger
797,,Westbrooke Dunlop
799,,Duke Wintersgill
808,,Wendell Spurrett
809,,Bear Ligerton
811,,Thorsten Mora
813,,Jeanelle Tye
814,,Nana MacCurley
814,,Dagmar Garett
816,,Suzette Caspell
818,,Giacinta Physick
819,,Kelcey Jamblin
819,,Bo Champney
822,,Reggie Hallowes
827,,Troy Pinkney
832,,Garrot Cockney
833,,Blakeley Waite
833,,Alick Drinkeld
835,,Debi Borland
835,,Domenico Fishly
836,,Feliks Blanden
839,,Jaimie Bern
843,,Pryce Jay
844,,Lovell Pawlata
846,,Joya Stanway
847,,Sly Sodo
849,,Waverley Meugens
856,,Silvan Smurfit
857,,Erastus Foister
860,,Vickie Ragate
863,,Dorene Brisco
864,,Rosamund Stennings
865,,Dallis Kubicki
867,,Keene Bussey
869,,Suellen Pennyman
869,,Dorry Balshaw
876,,Darbie Krochmann
879,,Marilee Cokely
879,,Freddie Kiffe
885,,Kattie Muckart
886,,Aldis Costerd
886,,Piggy Arents
892,,Gardener Ropartz
893,,Pincus Gasperi
895,,Brandie Murford
897,,Ofella Jerman
900,,Devlen Pilbury
901,,Biddy Reynard
903,,Eimile Headrick
904,,Megen Whelpton
905,,Heather Deeney
905,,Obie Thomke
908,,Rochell Powlesland
909,,Tony Gilogly
909,,Hymie Mixture
918,,Sindee Ramas
924,,Dara Jeacop
925,,Brose Gallandre
929,,Jacintha Verrechia
929,,Gennifer Knyvett
930,,Alexandrina Barter
931,,Tandie Bottinelli
931,,Murvyn Capes
932,,Hebert Bennit
935,,Gaspar Paddick
939,,Roderick Lennard
939,,Gwen Congdon
942,,Shanta Krebs
943,,Der Willmott
943,,Reynolds Margarson
945,,Darren Treadway
946,,Sisely Lorne
946,,Dido Knok
949,,Danya Wigzell
951,,Clerissa Grimbaldeston
951,,Alidia Leeming
958,,Katherina Houseman
961,,Kessia Marousek
963,,Muhammad Ablett
967,,Verney Spurdon
968,,Andra Woller
969,,Worthington Boulde
974,,Marty Yemm
976,,Hugo Criag
976,,Janela Aggis
977,,Howie Reece
977,,Burr Setford
978,,Gawain Maden
982,,Mozelle MacCollom
990,,Kevina Madill
994,,Tarra Miskin
995,,Avie Luipold
995,,Christina Downing
996,,Clari Franceschelli
996,,Nancee Ardling
