55|Brand#23  
424|Brand#34  
433|Brand#12  
1092|Brand#12  
1318|Brand#34  
2041|Brand#34  
2994|Brand#34  
3140|Brand#34  
3312|Brand#12  
3746|Brand#34  
3762|Brand#12  
3869|Brand#34  
3987|Brand#12  
5221|Brand#34  
5258|Brand#34  
5287|Brand#34  
5657|Brand#34  
6182|Brand#34  
6285|Brand#23  
6421|Brand#23  
6449|Brand#34  
7088|Brand#12  
7594|Brand#34  
7952|Brand#34  
10423|Brand#34  
12405|Brand#34  
13106|Brand#23  
14013|Brand#23  
15316|Brand#34  
15576|Brand#12  
16587|Brand#23  
16983|Brand#34  
17036|Brand#12  
17115|Brand#12  
17233|Brand#23  
17318|Brand#12  
18282|Brand#23  
19146|Brand#34  
19450|Brand#23  
19916|Brand#34  